{
  "results": [
    {
      "input": "Fase 3: Core Invoice Engine Implementatie - Implementeer Invoice Ninja's factureringsengine in RentGuy met equipment-specifieke invoice line items, rental period calculations en tax handling voor equipment verhuur",
      "output": {
        "implementation_doc": "This document provides a complete technical implementation plan for integrating Invoice Ninja's core invoicing engine into RentGuy, focusing on equipment-specific invoicing, rental period calculations, and tax handling as per Mr. DJ's requirements.\n\n## 1. Invoice Ninja API Schema\n\nThe integration will leverage Invoice Ninja's v5.5.58 API, specifically the `POST /api/v1/invoices` endpoint to create invoices. The key fields from the `FillableInvoice` schema that will be used are:\n\n- **`client_id`**: The Invoice Ninja client ID, which will be mapped from RentGuy's internal client ID.\n- **`date`**: The date of invoice issuance.\n- **`due_date`**: The payment due date for the invoice.\n- **`line_items`**: An array of objects, where each object represents a line item on the invoice. This will be used for detailing each piece of rented equipment.\n  - **`product_key`**: Will store the RentGuy equipment ID or SKU.\n  - **`notes`**: Will contain a description of the equipment and the rental period.\n  - **`cost`**: The daily or hourly rental rate.\n  - **`qty`**: The number of rental days or hours.\n  - **`tax_name1`**, **`tax_rate1`**, **`tax_name2`**, **`tax_rate2`**: For applying up to two taxes per line item.\n- **`public_notes`**, **`private_notes`**, **`terms`**, **`footer`**: For additional invoice details.\n- **`custom_value1-4`**: For any RentGuy-specific data that needs to be stored with the invoice.\n\n## 2. RentGuy Database Schema Changes\n\nTo support the integration, the following changes will be made to the RentGuy database:\n\n- **New `invoices` Table**: This table will store a record of each invoice generated in Invoice Ninja, including the `invoice_ninja_id`, a foreign key to the `rental_agreements` table, and other relevant invoice details.\n- **New `invoice_line_items` Table**: This table will store the details of each line item for an invoice, with a foreign key to the `invoices` table. It will include fields for `equipment_id`, `rental_start_date`, `rental_end_date`, `unit_cost`, `quantity`, and tax details.\n- **Modifications to Existing Tables**:\n  - The `clients` table will be updated with an `invoice_ninja_client_id` column to store the corresponding client ID from Invoice Ninja.\n  - The `rental_agreements` table will be updated with an `invoice_id` column to link to the newly created invoice.\n  - The `equipment` table will have a `product_key` column added to map to the `product_key` in Invoice Ninja's line items.\n\n## 3. RentGuy API Endpoints\n\nNew API endpoints will be created in RentGuy to manage the invoicing process:\n\n- **`POST /api/v1/rental-agreements/{rental_agreement_id}/invoice`**: This endpoint will trigger the creation of a new invoice in Invoice Ninja for a given rental agreement.\n- **`GET /api/v1/invoices/{invoice_id}`**: This endpoint will retrieve the details of a specific invoice from RentGuy's database.\n- **`POST /api/v1/webhooks/invoice-ninja/status-update`**: This webhook endpoint will listen for status updates from Invoice Ninja (e.g., when an invoice is paid) and update the status in RentGuy's database.\n\n## 4. Testing Strategy\n\nA multi-layered testing strategy will be implemented to ensure the reliability of the integration:\n\n- **Unit Testing**: Individual functions for data mapping, calculations, and API interactions will be tested in isolation.\n- **Integration Testing**: The interaction between RentGuy's modules and the Invoice Ninja API will be tested using a sandbox environment.\n- **End-to-End Testing**: The entire workflow, from creating a rental agreement in RentGuy to generating and tracking the invoice in Invoice Ninja, will be tested to simulate real-world usage.\n- **Performance and Security Testing**: The integration will be tested for performance under load and assessed for security vulnerabilities.",
        "code_examples": "```python\nimport requests\nimport json\nfrom datetime import datetime, timedelta\n\n# --- Configuration ---\nINVOICE_NINJA_API_URL = \"https://your-invoice-ninja-instance.com/api/v1/invoices\"\nINVOICE_NINJA_API_TOKEN = \"YOUR_INVOICE_NINJA_API_TOKEN\" # Replace with your actual API token\n\n# --- Helper Functions ---\ndef calculate_rental_days(start_date_str: str, end_date_str: str) -> int:\n    \"\"\"Calculates the number of rental days between two dates (inclusive).\"\"\"\n    start_date = datetime.strptime(start_date_str, \"%Y-%m-%d\")\n    end_date = datetime.strptime(end_date_str, \"%Y-%m-%d\")\n    return (end_date - start_date).days + 1\n\ndef get_invoice_ninja_client_id(rentguy_client_id: str) -> str:\n    \"\"\"Placeholder function to retrieve Invoice Ninja client ID from RentGuy's database.\n    In a real application, this would query RentGuy's database or a cache.\n    \"\"\"\n    # Simulate a lookup\n    client_id_map = {\n        \"RG_CLIENT_001\": \"IN_CLIENT_ABC\",\n        \"RG_CLIENT_002\": \"IN_CLIENT_DEF\",\n    }\n    return client_id_map.get(rentguy_client_id, \"\")\n\n# --- Main Integration Logic ---\ndef create_invoice_in_invoice_ninja(rental_agreement_data: dict) -> dict:\n    \"\"\"Creates an invoice in Invoice Ninja based on RentGuy rental agreement data.\n\n    Args:\n        rental_agreement_data (dict): A dictionary containing rental agreement details,\n                                      including client info, dates, and equipment line items.\n\n    Returns:\n        dict: The JSON response from the Invoice Ninja API.\n    \"\"\"\n\n    invoice_ninja_client_id = get_invoice_ninja_client_id(rental_agreement_data[\"rentguy_client_id\"])\n    if not invoice_ninja_client_id:\n        raise ValueError(f\"Invoice Ninja client ID not found for RentGuy client: {rental_agreement_data['rentguy_client_id']}\")\n\n    invoice_line_items = []\n    for item in rental_agreement_data[\"line_items\"]:\n        rental_days = calculate_rental_days(item[\"rental_start_date\"], item[\"rental_end_date\"])\n        line_item_description = (\n            f\"{item['name']} rental - \"\n            f\"{item['rental_start_date']} to {item['rental_end_date']} ({rental_days} days)\"\n        )\n        invoice_line_items.append({\n            \"product_key\": item[\"rentguy_equipment_id\"], # Use RentGuy equipment ID as product_key\n            \"notes\": line_item_description,\n            \"cost\": item[\"daily_rate\"],\n            \"qty\": rental_days,\n            \"tax_name1\": item.get(\"tax_name\", None),\n            \"tax_rate1\": item.get(\"tax_rate\", None)\n        })\n\n    payload = {\n        \"client_id\": invoice_ninja_client_id,\n        \"date\": rental_agreement_data[\"invoice_date\"],\n        \"due_date\": rental_agreement_data[\"due_date\"],\n        \"public_notes\": rental_agreement_data.get(\"public_notes\", \"\"),\n        \"private_notes\": rental_agreement_data.get(\"private_notes\", \"\"),\n        \"line_items\": invoice_line_items,\n    }\n\n    headers = {\n        \"X-Api-Token\": INVOICE_NINJA_API_TOKEN,\n        \"X-Requested-With\": \"XMLHttpRequest\",\n        \"Content-Type\": \"application/json\"\n    }\n\n    try:\n        response = requests.post(INVOICE_NINJA_API_URL, headers=headers, data=json.dumps(payload))\n        response.raise_for_status()\n        return response.json()\n    except requests.exceptions.RequestException as e:\n        print(f\"Error creating invoice: {e}\")\n        if response is not None:\n            print(f\"Response status code: {response.status_code}\")\n            print(f\"Response body: {response.text}\")\n        raise\n\n# --- Example Usage (for demonstration) ---\nif __name__ == \"__main__\":\n    sample_rental_agreement = {\n        \"rentguy_client_id\": \"RG_CLIENT_001\",\n        \"invoice_date\": \"2025-10-03\",\n        \"due_date\": \"2025-10-17\",\n        \"public_notes\": \"Rental Agreement #RA-2025-001 for construction site\",\n        \"private_notes\": \"Internal reference: Project Alpha\",\n        \"line_items\": [\n            {\n                \"rentguy_equipment_id\": \"EQP_001\",\n                \"name\": \"Heavy Duty Excavator\",\n                \"rental_start_date\": \"2025-10-01\",\n                \"rental_end_date\": \"2025-10-07\",\n                \"daily_rate\": 250.00,\n                \"tax_rate\": 21.00,\n                \"tax_name\": \"VAT\"\n            },\n            {\n                \"rentguy_equipment_id\": \"EQP_002\",\n                \"name\": \"Portable Generator (10kW)\",\n                \"rental_start_date\": \"2025-10-05\",\n                \"rental_end_date\": \"2025-10-07\",\n                \"daily_rate\": 75.00,\n                \"tax_rate\": 21.00,\n                \"tax_name\": \"VAT\"\n            },\n            {\n                \"rentguy_equipment_id\": \"SVC_001\",\n                \"name\": \"Delivery Fee\",\n                \"rental_start_date\": \"2025-10-01\",\n                \"rental_end_date\": \"2025-10-01\",\n                \"daily_rate\": 50.00,\n                \"tax_rate\": 9.00,\n                \"tax_name\": \"Reduced VAT\"\n            }\n        ]\n    }\n\n    try:\n        print(\"Simulated payload for Invoice Ninja:\")\n        invoice_ninja_client_id = get_invoice_ninja_client_id(sample_rental_agreement[\"rentguy_client_id\"])\n        invoice_line_items = []\n        for item in sample_rental_agreement[\"line_items\"]:\n            rental_days = calculate_rental_days(item[\"rental_start_date\"], item[\"rental_end_date\"])\n            line_item_description = (\n                f\"{item['name']} rental - \"\n                f\"{item['rental_start_date']} to {item['rental_end_date']} ({rental_days} days)\"\n            )\n            invoice_line_items.append({\n                \"product_key\": item[\"rentguy_equipment_id\"],\n                \"notes\": line_item_description,\n                \"cost\": item[\"daily_rate\"],\n                \"qty\": rental_days,\n                \"tax_name1\": item.get(\"tax_name\", None),\n                \"tax_rate1\": item.get(\"tax_rate\", None)\n            })\n\n        simulated_payload = {\n            \"client_id\": invoice_ninja_client_id,\n            \"date\": sample_rental_agreement[\"invoice_date\"],\n            \"due_date\": sample_rental_agreement[\"due_date\"],\n            \"public_notes\": sample_rental_agreement.get(\"public_notes\", \"\"),\n            \"private_notes\": sample_rental_agreement.get(\"private_notes\", \"\"),\n            \"line_items\": invoice_line_items,\n        }\n        print(json.dumps(simulated_payload, indent=2))\n\n    except ValueError as ve:\n        print(f\"Configuration Error: {ve}\")\n    except Exception as e:\n        print(f\"An unexpected error occurred: {e}\")\n```",
        "status": "Completed"
      },
      "error": ""
    },
    {
      "input": "Fase 4: Quote/Offerte Systeem Integratie - Implementeer het Quote systeem voor equipment rental offertes met quote-to-invoice conversie, equipment availability checking en pakket-gebaseerde quote templates",
      "output": {
        "implementation_doc": "# Full Technical Implementation Documentation: Invoice Ninja Equipment Rental Quote Integration\n\n## Introduction\n\nThis document details the technical implementation for integrating an equipment rental quote system with Invoice Ninja, leveraging its API capabilities. The integration aims to streamline the process of generating, managing, and converting equipment rental quotes into invoices within the Invoice Ninja platform. It covers the design of necessary data structures, definition of API endpoints, provision of code examples for core functionalities, and an outline of the testing strategy.\n\n## 1. Database Schema for Equipment Rental Quotes\n\nTo effectively manage equipment rental quotes, the following core entities are essential:\n\n1.  **Quotes**: Represents the overall rental quote, similar to Invoice Ninja\\'s existing quote object.\n2.  **Quote Items**: Details individual equipment items within a quote, including rental periods and pricing.\n3.  **Equipment**: Information about the rentable equipment itself.\n4.  **Clients**: Details of the clients requesting quotes (can leverage Invoice Ninja\\'s existing client management).\n5.  **Custom Fields**: Additional fields required for rental-specific data that might not fit into standard Invoice Ninja fields.\n\n### Quotes Entity Fields\n\nLeveraging Invoice Ninja\\'s existing `Quotes` entity, the following fields are proposed, with special attention to rental-specific additions:\n\n| Field Name          | Data Type | Description                                                              | Invoice Ninja Mapping / Notes                                   |\n| :------------------ | :-------- | :----------------------------------------------------------------------- | :-------------------------------------------------------------- |\n| `id`                | UUID      | Unique identifier for the quote.                                         | Auto-generated by Invoice Ninja.                                |\n| `client_id`         | UUID      | Foreign key linking to the Client entity.                                | Existing Invoice Ninja field.                                   |\n| `quote_number`      | String    | Unique identifier for the quote (e.g., Q-001).                           | Existing Invoice Ninja field, configurable prefix.              |\n| `quote_date`        | Date      | Date the quote was created.                                              | Existing Invoice Ninja field.                                   |\n| `valid_until`       | Date      | Date until the quote is valid.                                           | Existing Invoice Ninja field.                                   |\n| `status`            | Enum      | Current status of the quote (Draft, Sent, Approved, Converted, etc.).    | Existing Invoice Ninja field.                                   |\n| `total_amount`      | Decimal   | Total amount of the quote.                                               | Existing Invoice Ninja field.                                   |\n| `notes`             | Text      | General notes for the client.                                            | Existing Invoice Ninja field (`Note to Client`).                |\n| `terms`             | Text      | Terms and conditions for the rental.                                     | Existing Invoice Ninja field (`Quote Terms`).                   |\n| `rental_start_date` | Date      | **Custom Field**: The start date of the equipment rental period.         | Requires a custom field in Invoice Ninja (e.g., `custom_value1`). |\n| `rental_end_date`   | Date      | **Custom Field**: The end date of the equipment rental period.           | Requires a custom field in Invoice Ninja (e.g., `custom_value2`). |\n| `delivery_address`  | Text      | **Custom Field**: Address for equipment delivery.                        | Requires a custom field in Invoice Ninja (e.g., `custom_value3`). |\n| `pickup_address`    | Text      | **Custom Field**: Address for equipment pickup (if different from delivery). | Requires a custom field in Invoice Ninja (e.g., `custom_value4`). |\n| `delivery_fee`      | Decimal   | **Custom Field**: Cost associated with delivery.                         | Requires a custom field in Invoice Ninja (e.g., `custom_value5`). |\n| `pickup_fee`        | Decimal   | **Custom Field**: Cost associated with pickup.                           | Requires a custom field in Invoice Ninja (e.g., `custom_value6`). |\n| `insurance_type`    | String    | **Custom Field**: Type of insurance selected for the rental.             | Requires a custom field in Invoice Ninja (e.g., `custom_value7`). |\n| `insurance_cost`    | Decimal   | **Custom Field**: Cost of the selected insurance.                        | Requires a custom field in Invoice Ninja (e.g., `custom_value8`). |\n\n### Quote Items Entity Fields\n\nEach quote will consist of one or more `Quote Items`, representing the specific equipment being rented. These i
(Content truncated due to size limit. Use page ranges or line ranges to read remaining content)