{
  "domains": {
    "psra": "psra.sevensa.nl",
    "wpctl": "wpctl.sevensa.nl",
    "searxng": "search.sevensa.nl",
    "mrdj_live": "mr-dj.nl",
    "mrdj_staging": "staging.mr-dj.nl"
  },
  "upstreams": {
    "psra": 3001,
    "searxng": 3011,
    "wp_agent_v4": 3015,
    "wp_agent_v5": 3016
  },
  "compose_profiles": [
    "core",
    "psra",
    "wp_control",
    "monitoring",
    "logging"
  ],
  "health_urls": [
    "https://psra.sevensa.nl/healthz",
    "https://wpctl.sevensa.nl/api/v5/metrics/prom"
  ],
  "ssl_contact_email": "admin@sevensa.nl",
  "notes": "Adjust ports and domains if your infra differs."
}